asset,variance_contribution
AAPL,0.14239418465671458
MSFT,0.17982093825628268
JPM,0.17520760597114118
BAC,0.17451580570611144
JNJ,0.16229971927948753
PFE,0.1657617461302625
