,AAPL,MSFT,JPM,BAC,JNJ,PFE
AAPL,1.0,-0.003392182385751752,0.010495348537970284,0.026228666803436378,0.02745978465925171,0.01864939978796925
MSFT,-0.003392182385751752,1.0,-0.019811016525833402,0.042880888100066815,0.05723876253989486,0.01884523550323256
JPM,0.010495348537970284,-0.019811016525833402,1.0,-0.0063352024846297745,-0.003078140435759173,0.0459590061017276
BAC,0.026228666803436378,0.042880888100066815,-0.0063352024846297745,1.0,-0.009316968327564687,-0.01928744371602604
JNJ,0.02745978465925171,0.05723876253989486,-0.003078140435759173,-0.009316968327564687,1.0,0.01458459315661144
PFE,0.01864939978796925,0.01884523550323256,0.0459590061017276,-0.01928744371602604,0.01458459315661144,1.0
