,AAPL,MSFT,JPM,BAC,JNJ,PFE
AAPL,0.00018324081757035578,-5.517483550516921e-07,1.7866149425302555e-06,4.456906834127836e-06,4.713367816732433e-06,3.179245547808635e-06
MSFT,-5.517483550516921e-07,0.0001443781537386932,-2.993508448431472e-06,6.467861963730102e-06,8.720955541955961e-06,2.8516775284181416e-06
JPM,1.7866149425302555e-06,-2.993508448431472e-06,0.00015814154300316033,-1.000068425023458e-06,-4.908338552141382e-07,7.2784971530898406e-06
BAC,4.456906834127836e-06,6.467861963730102e-06,-1.000068425023458e-06,0.0001575768660017788,-1.4830095338630673e-06,-3.0490812926365902e-06
JNJ,4.713367816732433e-06,8.720955541955961e-06,-4.908338552141382e-07,-1.4830095338630673e-06,0.00016078524400141574,2.3289786946374068e-06
PFE,3.179245547808635e-06,2.8516775284181416e-06,7.2784971530898406e-06,-3.0490812926365902e-06,2.3289786946374068e-06,0.0001585974516072738
