,AAPL,MSFT,JPM,BAC,JNJ,PFE
AAPL,0.04617668602772965,-0.00013904058547302642,0.00045022696551762437,0.0011231405222002148,0.0011877686898165733,0.000801169878047776
MSFT,-0.00013904058547302642,0.03638329474215069,-0.000754364129004731,0.0016299012148599857,0.0021976807965729023,0.0007186227371613717
JPM,0.00045022696551762437,-0.000754364129004731,0.0398516688367964,-0.00025201724310591143,-0.00012369013151396284,0.0018341812825786398
BAC,0.0011231405222002148,0.0016299012148599857,-0.00025201724310591143,0.039709370232448256,-0.00037371840253349296,-0.0007683684857444208
JNJ,0.0011877686898165733,0.0021976807965729023,-0.00012369013151396284,-0.00037371840253349296,0.04051788148835676,0.0005869026310486265
PFE,0.000801169878047776,0.0007186227371613717,0.0018341812825786398,-0.0007683684857444208,0.0005869026310486265,0.039966557805033
