,ann_vol,sharpe,max_drawdown
equal_weight,0.08479423634326856,1.4693228595813204,-0.062030760628185355
sector_equal,0.08479423634326856,1.4693228595813204,-0.062030760628185355
