,equal_weight,sector_equal
Tech -5%,-0.016666666666666666,-0.016666666666666666
Financials -6%,-0.019999999999999997,-0.019999999999999997
