,mean_daily,vol_daily,skew,kurtosis,min,max,mean_ann,vol_ann
AAPL,0.0005165639628463625,0.013536647205654572,0.041416390117447535,0.17504564182721172,-0.042632377190295556,0.058776746085737575,0.13017411863728334,0.21488761255067648
MSFT,7.58144192436029e-05,0.012015746074992315,0.10272548026215372,0.28074062029393687,-0.04247455030938563,0.050941717900307326,0.01910523364938793,0.19074405558798077
JPM,0.0008864140570887957,0.012575434107940783,0.01947211819795479,-0.13296108350424518,-0.04169782104096886,0.04355099789281258,0.22337634238637652,0.19962882766974419
BAC,0.000767334907439268,0.012552962439272201,0.15448115229966508,0.042925225934942635,-0.03834588846539899,0.04301141486658677,0.19336839667469552,0.19927210098869394
JNJ,0.0005477809585904992,0.01268011214467032,0.018260181533315614,0.035799210221302946,-0.0412993456432692,0.03862724105868698,0.1380408015648058,0.20129053998724522
PFE,0.00017252288097970267,0.012593548015046188,0.08595145173796558,-0.15610920831977282,-0.043569712569850205,0.039321666353867135,0.043475766006885075,0.19991637703057996
